{
    "$schema": "../../../schemas/animation.v2.schema.json",
    "version": 2,
    "name": "ab crunch",
    "duration": 2.0,
    "keyframes": [
        {
            "time": 0.0,
            "pose": {
                "root_position": [
                    0.0,
                    0.10974277,
                    0.0
                ],
                "hips": {
                    "x": 90.0,
                    "y": 0.0,
                    "z": 0.0
                },
                "spine": {
                    "x": -0.15685722,
                    "y": 0.0,
                    "z": 0.0
                },
                "head": {
                    "x": -54.75388,
                    "y": -1.0941147,
                    "z": 2.1126657
                },
                "left_upper_arm": {
                    "x": -0.98949015,
                    "y": 2.841742,
                    "z": -35.350147
                },
                "left_forearm": {
                    "x": -6.7832336,
                    "y": -10.754888,
                    "z": -138.12837
                },
                "right_upper_arm": {
                    "x": -1.1446754,
                    "y": -3.3289154,
                    "z": 35.796616
                },
                "right_forearm": {
                    "x": -7.546185,
                    "y": 11.986524,
                    "z": 138.01111
                },
                "left_thigh": {
                    "x": 30.000002,
                    "y": 0.0,
                    "z": 0.0
                },
                "left_shin": {
                    "x": -60.000004,
                    "y": 0.0,
                    "z": 0.0
                },
                "right_thigh": {
                    "x": 30.000002,
                    "y": 0.0,
                    "z": 0.0
                },
                "right_shin": {
                    "x": -60.000004,
                    "y": 0.0,
                    "z": 0.0
                }
            }
        },
        {
            "time": 0.8,
            "pose": {
                "root_position": [
                    0.0,
                    0.10974277,
                    0.0
                ],
                "hips": {
                    "x": 90.0,
                    "y": 0.0,
                    "z": 0.0
                },
                "spine": {
                    "x": -45.0,
                    "y": 0.0,
                    "z": 0.0
                },
                "head": {
                    "x": -20.0,
                    "y": -1.0941147,
                    "z": 2.1126657
                },
                "left_upper_arm": {
                    "x": -0.98949015,
                    "y": 2.841742,
                    "z": -35.350147
                },
                "left_forearm": {
                    "x": -6.7832336,
                    "y": -10.754888,
                    "z": -138.12837
                },
                "right_upper_arm": {
                    "x": -1.1446754,
                    "y": -3.3289154,
                    "z": 35.796616
                },
                "right_forearm": {
                    "x": -7.546185,
                    "y": 11.986524,
                    "z": 138.01111
                },
                "left_thigh": {
                    "x": 30.000002,
                    "y": 0.0,
                    "z": 0.0
                },
                "left_shin": {
                    "x": -60.000004,
                    "y": 0.0,
                    "z": 0.0
                },
                "right_thigh": {
                    "x": 30.000002,
                    "y": 0.0,
                    "z": 0.0
                },
                "right_shin": {
                    "x": -60.000004,
                    "y": 0.0,
                    "z": 0.0
                }
            }
        },
        {
            "time": 1.6,
            "pose": {
                "root_position": [
                    0.0,
                    0.10974277,
                    0.0
                ],
                "hips": {
                    "x": 90.0,
                    "y": 0.0,
                    "z": 0.0
                },
                "spine": {
                    "x": -0.15685722,
                    "y": 0.0,
                    "z": 0.0
                },
                "head": {
                    "x": -54.75388,
                    "y": -1.0941147,
                    "z": 2.1126657
                },
                "left_upper_arm": {
                    "x": -0.98949015,
                    "y": 2.841742,
                    "z": -35.350147
                },
                "left_forearm": {
                    "x": -6.7832336,
                    "y": -10.754888,
                    "z": -138.12837
                },
                "right_upper_arm": {
                    "x": -1.1446754,
                    "y": -3.3289154,
                    "z": 35.796616
                },
                "right_forearm": {
                    "x": -7.546185,
                    "y": 11.986524,
                    "z": 138.01111
                },
                "left_thigh": {
                    "x": 30.000002,
                    "y": 0.0,
                    "z": 0.0
                },
                "left_shin": {
                    "x": -60.000004,
                    "y": 0.0,
                    "z": 0.0
                },
                "right_thigh": {
                    "x": 30.000002,
                    "y": 0.0,
                    "z": 0.0
                },
                "right_shin": {
                    "x": -60.000004,
                    "y": 0.0,
                    "z": 0.0
                }
            }
        }
    ]
}