{
  "$schema": "../../../schemas/animation.v2.schema.json",
  "version": 2,
  "name": "easier leg lean",
  "duration": 2.0,
  "keyframes": [
    {
      "time": 0.0,
      "pose": {
        "root_position": [
          0.0,
          0.55,
          0.0
        ],
        "hips": null,
        "spine": null,
        "head": null,
        "left_upper_arm": null,
        "left_forearm": {
          "x": -0.0,
          "y": 0.0,
          "z": 0.5354605
        },
        "right_upper_arm": null,
        "right_forearm": {
          "x": 0.0,
          "y": 0.0,
          "z": -0.5354605
        },
        "left_thigh": {
          "x": 0.0,
          "y": 0.0,
          "z": -5.0767326
        },
        "left_shin": {
          "x": -0.0,
          "y": 0.0,
          "z": 5.0767326
        },
        "right_thigh": {
          "x": -0.0,
          "y": 0.0,
          "z": 5.0767326
        },
        "right_shin": {
          "x": -0.0,
          "y": -0.0,
          "z": -5.0767326
        }
      }
    },
    {
      "time": 0.7,
      "pose": {
        "root_position": [
          0.0,
          0.5,
          0.05
        ],
        "hips": {
          "x": 1.27303,
          "y": 0.0,
          "z": -0.0
        },
        "spine": null,
        "head": {
          "x": 4.3987026,
          "y": 0.0,
          "z": -0.0
        },
        "left_upper_arm": {
          "x": -0.4582477,
          "y": 0.61104274,
          "z": -0.004361304
        },
        "left_forearm": {
          "x": -0.005746063,
          "y": 0.007587305,
          "z": 0.5353925
        },
        "right_upper_arm": {
          "x": -0.4582477,
          "y": -0.61104274,
          "z": 0.004361304
        },
        "right_forearm": {
          "x": -0.005746063,
          "y": -0.007587305,
          "z": -0.5353925
        },
        "left_thigh": {
          "x": -0.7548836,
          "y": 0.59783137,
          "z": -5.079438
        },
        "left_shin": {
          "x": -0.51811826,
          "y": -0.022956127,
          "z": 5.073825
        },
        "right_thigh": {
          "x": -0.7548836,
          "y": -0.59783137,
          "z": 5.079438
        },
        "right_shin": {
          "x": -0.51811826,
          "y": 0.022956127,
          "z": -5.073825
        }
      }
    },
    {
      "time": 1.6,
      "pose": {
        "root_position": [
          0.0,
          0.55,
          0.0
        ],
        "hips": null,
        "spine": null,
        "head": null,
        "left_upper_arm": null,
        "left_forearm": {
          "x": -0.0,
          "y": 0.0,
          "z": 0.5354605
        },
        "right_upper_arm": null,
        "right_forearm": {
          "x": 0.0,
          "y": 0.0,
          "z": -0.5354605
        },
        "left_thigh": {
          "x": 0.0,
          "y": 0.0,
          "z": -5.0767326
        },
        "left_shin": {
          "x": -0.0,
          "y": 0.0,
          "z": 5.0767326
        },
        "right_thigh": {
          "x": -0.0,
          "y": 0.0,
          "z": 5.0767326
        },
        "right_shin": {
          "x": -0.0,
          "y": -0.0,
          "z": -5.0767326
        }
      }
    }
  ]
}